﻿<MD_Metadata xmlns="http://www.isotc211.org/2005/gmd" xmlns:gco="http://www.isotc211.org/2005/gco" xmlns:gts="http://www.isotc211.org/2005/gts" xmlns:srv="http://www.isotc211.org/2005/srv" xmlns:gml="http://www.opengis.net/gml" xmlns:xlink="http://www.w3.org/1999/xlink" xmlns:xsi="http://www.w3.org/2001/XMLSchema-instance">
  <fileIdentifier>
    <gco:CharacterString>A4AA069F-D7BF-45A1-A29F-8684F45E37EA</gco:CharacterString>
  </fileIdentifier>
  <language>
    <LanguageCode codeList="http://www.loc.gov/standards/iso639-2/php/code_list.php" codeListValue="eng" codeSpace="ISO639-2">eng</LanguageCode>
  </language>
  <characterSet>
    <MD_CharacterSetCode codeList="http://www.isotc211.org/2005/resources/Codelist/gmxCodelists.xml#MD_CharacterSetCode" codeListValue="utf8" codeSpace="ISOTC211/19115">utf8</MD_CharacterSetCode>
  </characterSet>
  <hierarchyLevel>
    <MD_ScopeCode codeList="http://www.isotc211.org/2005/resources/Codelist/gmxCodelists.xml#MD_ScopeCode" codeListValue="dataset" codeSpace="ISOTC211/19115">dataset</MD_ScopeCode>
  </hierarchyLevel>
  <contact>
    <CI_ResponsibleParty>
      <organisationName>
        <gco:CharacterString>Newman Library, Baruch CUNY</gco:CharacterString>
      </organisationName>
      <positionName>
        <gco:CharacterString>Geospatial Data Librarian</gco:CharacterString>
      </positionName>
      <contactInfo>
        <CI_Contact>
          <address>
            <CI_Address>
              <deliveryPoint>
                <gco:CharacterString>Newman Library, Baruch CUNY</gco:CharacterString>
              </deliveryPoint>
              <deliveryPoint>
                <gco:CharacterString>151 E 25th St Box H-0520</gco:CharacterString>
              </deliveryPoint>
              <city>
                <gco:CharacterString>New York</gco:CharacterString>
              </city>
              <administrativeArea>
                <gco:CharacterString>NY</gco:CharacterString>
              </administrativeArea>
              <postalCode>
                <gco:CharacterString>10010</gco:CharacterString>
              </postalCode>
              <country>
                <Country codeList="http://www.iso.org/iso/country_codes/iso_3166_code_lists.htm" codeListValue="US" codeSpace="ISO3166-1">US</Country>
              </country>
            </CI_Address>
          </address>
        </CI_Contact>
      </contactInfo>
      <role>
        <CI_RoleCode codeList="http://www.isotc211.org/2005/resources/Codelist/gmxCodelists.xml#CI_RoleCode" codeListValue="pointOfContact" codeSpace="ISOTC211/19115">pointOfContact</CI_RoleCode>
      </role>
    </CI_ResponsibleParty>
  </contact>
  <dateStamp>
    <gco:Date>2016-05-26</gco:Date>
  </dateStamp>
  <metadataStandardName>
    <gco:CharacterString>NAP - Metadata</gco:CharacterString>
  </metadataStandardName>
  <metadataStandardVersion>
    <gco:CharacterString>1.2</gco:CharacterString>
  </metadataStandardVersion>
  <dataSetURI>
    <gco:CharacterString>https://www.baruch.cuny.edu/confluence/display/geoportal/NYC+Mass+Transit+Spatial+Layers</gco:CharacterString>
  </dataSetURI>
  <spatialRepresentationInfo>
    <MD_VectorSpatialRepresentation>
      <topologyLevel>
        <MD_TopologyLevelCode codeList="http://www.isotc211.org/2005/resources/Codelist/gmxCodelists.xml#MD_TopologyLevelCode" codeListValue="geometryOnly" codeSpace="ISOTC211/19115">geometryOnly</MD_TopologyLevelCode>
      </topologyLevel>
      <geometricObjects>
        <MD_GeometricObjects>
          <geometricObjectType>
            <MD_GeometricObjectTypeCode codeList="http://www.isotc211.org/2005/resources/Codelist/gmxCodelists.xml#MD_GeometricObjectTypeCode" codeListValue="point" codeSpace="ISOTC211/19115">point</MD_GeometricObjectTypeCode>
          </geometricObjectType>
          <geometricObjectCount>
            <gco:Integer>491</gco:Integer>
          </geometricObjectCount>
        </MD_GeometricObjects>
      </geometricObjects>
    </MD_VectorSpatialRepresentation>
  </spatialRepresentationInfo>
  <referenceSystemInfo>
    <MD_ReferenceSystem>
      <referenceSystemIdentifier>
        <RS_Identifier>
          <code>
            <gco:CharacterString>2263</gco:CharacterString>
          </code>
          <codeSpace>
            <gco:CharacterString>EPSG</gco:CharacterString>
          </codeSpace>
          <version>
            <gco:CharacterString>10.2</gco:CharacterString>
          </version>
        </RS_Identifier>
      </referenceSystemIdentifier>
    </MD_ReferenceSystem>
  </referenceSystemInfo>
  <identificationInfo>
    <MD_DataIdentification>
      <citation>
        <CI_Citation>
          <title>
            <gco:CharacterString>Subway Stops, New York NY, May 2016</gco:CharacterString>
          </title>
          <date>
            <CI_Date>
              <date>
                <gco:Date>2016-05-19</gco:Date>
              </date>
              <dateType>
                <CI_DateTypeCode codeList="http://www.isotc211.org/2005/resources/Codelist/gmxCodelists.xml#CI_DateTypeCode" codeListValue="publication" codeSpace="ISOTC211/19115">publication</CI_DateTypeCode>
              </dateType>
            </CI_Date>
          </date>
          <edition>
            <gco:CharacterString>may2016</gco:CharacterString>
          </edition>
          <citedResponsibleParty>
            <CI_ResponsibleParty>
              <organisationName>
                <gco:CharacterString>Newman Library, Baruch CUNY</gco:CharacterString>
              </organisationName>
              <positionName>
                <gco:CharacterString>Geospatial Data Librarian</gco:CharacterString>
              </positionName>
              <contactInfo>
                <CI_Contact>
                  <address>
                    <CI_Address>
                      <deliveryPoint>
                        <gco:CharacterString>Newman Library, Baruch CUNY</gco:CharacterString>
                      </deliveryPoint>
                      <deliveryPoint>
                        <gco:CharacterString>151 E 25th St Box H-0520</gco:CharacterString>
                      </deliveryPoint>
                      <city>
                        <gco:CharacterString>New York</gco:CharacterString>
                      </city>
                      <administrativeArea>
                        <gco:CharacterString>NY</gco:CharacterString>
                      </administrativeArea>
                      <postalCode>
                        <gco:CharacterString>10010</gco:CharacterString>
                      </postalCode>
                      <country>
                        <Country codeList="http://www.iso.org/iso/country_codes/iso_3166_code_lists.htm" codeListValue="US" codeSpace="ISO3166-1">US</Country>
                      </country>
                    </CI_Address>
                  </address>
                </CI_Contact>
              </contactInfo>
              <role>
                <CI_RoleCode codeList="http://www.isotc211.org/2005/resources/Codelist/gmxCodelists.xml#CI_RoleCode" codeListValue="pointOfContact" codeSpace="ISOTC211/19115">pointOfContact</CI_RoleCode>
              </role>
            </CI_ResponsibleParty>
          </citedResponsibleParty>
          <presentationForm>
            <CI_PresentationFormCode codeList="http://www.isotc211.org/2005/resources/Codelist/gmxCodelists.xml#CI_PresentationFormCode" codeListValue="mapDigital" codeSpace="ISOTC211/19115">mapDigital</CI_PresentationFormCode>
          </presentationForm>
          <series>
            <CI_Series>
              <name>
                <gco:CharacterString>NYC Mass Transit Spatial Layers</gco:CharacterString>
              </name>
            </CI_Series>
          </series>
        </CI_Citation>
      </citation>
      <abstract>
        <gco:CharacterString>This point layer was created using the GTFS data feeds from the Metropolitan Transportation Authority (MTA). It represents the stop locations for the MTA NYC Transit Subway, where a stop represents the center of platforms dedicated to serving specific trains in a subway station. A python script was written to take the data files as input and plot and save them as a spatial layer in the local state plane coordinate reference system. The unique ID is stop_id, a field created by the MTA. This layer was created as part of the NYC Mass Transit Spatial Layers series, and is updated biannually to account for changes in the transit system.</gco:CharacterString>
      </abstract>
      <purpose>
        <gco:CharacterString>This dataset is intended for researchers, policy makers, students, and educators for basic geographic analysis and mapping purposes. It was created by the GIS Lab at the Newman Library at Baruch College CUNY as part of the NYC Mass Transit Spatial Layers series, so that members of the public could have access to well-documented and readily-usable GIS layers of NYC mass transit features.</gco:CharacterString>
      </purpose>
      <status>
        <MD_ProgressCode codeList="http://www.isotc211.org/2005/resources/Codelist/gmxCodelists.xml#MD_ProgressCode" codeListValue="completed" codeSpace="ISOTC211/19115">completed</MD_ProgressCode>
      </status>
      <pointOfContact>
        <CI_ResponsibleParty>
          <organisationName>
            <gco:CharacterString>Newman Library, Baruch CUNY</gco:CharacterString>
          </organisationName>
          <positionName>
            <gco:CharacterString>Geospatial Data Librarian</gco:CharacterString>
          </positionName>
          <contactInfo>
            <CI_Contact>
              <address>
                <CI_Address>
                  <deliveryPoint>
                    <gco:CharacterString>Newman Library, Baruch CUNY</gco:CharacterString>
                  </deliveryPoint>
                  <deliveryPoint>
                    <gco:CharacterString>151 E 25th St Box H-0520</gco:CharacterString>
                  </deliveryPoint>
                  <city>
                    <gco:CharacterString>New York</gco:CharacterString>
                  </city>
                  <administrativeArea>
                    <gco:CharacterString>NY</gco:CharacterString>
                  </administrativeArea>
                  <postalCode>
                    <gco:CharacterString>10010</gco:CharacterString>
                  </postalCode>
                  <country>
                    <Country codeList="http://www.iso.org/iso/country_codes/iso_3166_code_lists.htm" codeListValue="US" codeSpace="ISO3166-1">US</Country>
                  </country>
                </CI_Address>
              </address>
            </CI_Contact>
          </contactInfo>
          <role>
            <CI_RoleCode codeList="http://www.isotc211.org/2005/resources/Codelist/gmxCodelists.xml#CI_RoleCode" codeListValue="pointOfContact" codeSpace="ISOTC211/19115">pointOfContact</CI_RoleCode>
          </role>
        </CI_ResponsibleParty>
      </pointOfContact>
      <resourceMaintenance>
        <MD_MaintenanceInformation>
          <maintenanceAndUpdateFrequency>
            <MD_MaintenanceFrequencyCode codeList="http://www.isotc211.org/2005/resources/Codelist/gmxCodelists.xml#MD_MaintenanceFrequencyCode" codeListValue="biannually" codeSpace="ISOTC211/19115">biannually</MD_MaintenanceFrequencyCode>
          </maintenanceAndUpdateFrequency>
        </MD_MaintenanceInformation>
      </resourceMaintenance>
      <descriptiveKeywords>
        <MD_Keywords>
          <keyword>
            <gco:CharacterString>City of New York, 2395220, Borough of Bronx, 978756, Borough of Brooklyn, 978759, Borough of Manhattan, 979190, Borough of Queens, 979404, Borough of Staten Island, 979522</gco:CharacterString>
          </keyword>
          <type>
            <MD_KeywordTypeCode codeList="http://www.isotc211.org/2005/resources/Codelist/gmxCodelists.xml#MD_KeywordTypeCode" codeListValue="place" codeSpace="ISOTC211/19115">place</MD_KeywordTypeCode>
          </type>
          <thesaurusName>
            <CI_Citation>
              <title>
                <gco:CharacterString>Geographic Names Information Service (GNIS)</gco:CharacterString>
              </title>
              <alternateTitle>
                <gco:CharacterString>ANSI INCITTS 446:2008</gco:CharacterString>
              </alternateTitle>
              <date>
                <CI_Date>
                  <date>
                    <gco:Date>2008-01-01</gco:Date>
                  </date>
                  <dateType>
                    <CI_DateTypeCode codeList="http://www.isotc211.org/2005/resources/Codelist/gmxCodelists.xml#CI_DateTypeCode" codeListValue="publication" codeSpace="ISOTC211/19115">publication</CI_DateTypeCode>
                  </dateType>
                </CI_Date>
              </date>
              <citedResponsibleParty gco:nilReason="missing" />
            </CI_Citation>
          </thesaurusName>
        </MD_Keywords>
      </descriptiveKeywords>
      <descriptiveKeywords>
        <MD_Keywords>
          <keyword>
            <gco:CharacterString>Bronx County, 36005, Kings County, 36047, New York County, 36061, Queens County, 36081, Richmond County, 36085</gco:CharacterString>
          </keyword>
          <type>
            <MD_KeywordTypeCode codeList="http://www.isotc211.org/2005/resources/Codelist/gmxCodelists.xml#MD_KeywordTypeCode" codeListValue="place" codeSpace="ISOTC211/19115">place</MD_KeywordTypeCode>
          </type>
          <thesaurusName>
            <CI_Citation>
              <title>
                <gco:CharacterString>US Census ANSI/FIPS</gco:CharacterString>
              </title>
              <alternateTitle>
                <gco:CharacterString>ANSI INCITTS 38:2009 (Formerly FIPS 5-2) &amp; ANSI INCITTS 31:2009 (Formerly FIPS 6-4)</gco:CharacterString>
              </alternateTitle>
              <date>
                <CI_Date>
                  <date>
                    <gco:Date>2009-01-01</gco:Date>
                  </date>
                  <dateType>
                    <CI_DateTypeCode codeList="http://www.isotc211.org/2005/resources/Codelist/gmxCodelists.xml#CI_DateTypeCode" codeListValue="publication" codeSpace="ISOTC211/19115">publication</CI_DateTypeCode>
                  </dateType>
                </CI_Date>
              </date>
              <citedResponsibleParty gco:nilReason="missing" />
            </CI_Citation>
          </thesaurusName>
        </MD_Keywords>
      </descriptiveKeywords>
      <descriptiveKeywords>
        <MD_Keywords>
          <keyword>
            <gco:CharacterString>2016</gco:CharacterString>
          </keyword>
          <type>
            <MD_KeywordTypeCode codeList="http://www.isotc211.org/2005/resources/Codelist/gmxCodelists.xml#MD_KeywordTypeCode" codeListValue="temporal" codeSpace="ISOTC211/19115">temporal</MD_KeywordTypeCode>
          </type>
        </MD_Keywords>
      </descriptiveKeywords>
      <descriptiveKeywords>
        <MD_Keywords>
          <keyword>
            <gco:CharacterString>Subways, Local transit, Commuting, New York City Transit Authority, Transportation</gco:CharacterString>
          </keyword>
          <type>
            <MD_KeywordTypeCode codeList="http://www.isotc211.org/2005/resources/Codelist/gmxCodelists.xml#MD_KeywordTypeCode" codeListValue="theme" codeSpace="ISOTC211/19115">theme</MD_KeywordTypeCode>
          </type>
          <thesaurusName>
            <CI_Citation>
              <title>
                <gco:CharacterString>Library of Congress Subject Headings (LCSH)</gco:CharacterString>
              </title>
              <date>
                <CI_Date>
                  <date>
                    <gco:Date>2015-02-17</gco:Date>
                  </date>
                  <dateType>
                    <CI_DateTypeCode codeList="http://www.isotc211.org/2005/resources/Codelist/gmxCodelists.xml#CI_DateTypeCode" codeListValue="publication" codeSpace="ISOTC211/19115">publication</CI_DateTypeCode>
                  </dateType>
                </CI_Date>
              </date>
              <citedResponsibleParty gco:nilReason="missing" />
            </CI_Citation>
          </thesaurusName>
        </MD_Keywords>
      </descriptiveKeywords>
      <descriptiveKeywords>
        <MD_Keywords>
          <keyword>
            <gco:CharacterString>Downloadable Data</gco:CharacterString>
          </keyword>
          <thesaurusName uuidref="723f6998-058e-11dc-8314-0800200c9a66" />
        </MD_Keywords>
      </descriptiveKeywords>
      <resourceConstraints>
        <MD_Constraints>
          <useLimitation>
            <gco:CharacterString>Disclaimer: Every effort was made to insure that the data, which was compiled from public sources, was processed accurately. The creator, Baruch College, and CUNY disclaim any liability for errors, inaccuracies, or omissions that may be contained therein or for any damages that may arise from the foregoing. Users should independently verify the accuracy of the data for their purposes.The data is licensed under a Creative Commons Attribution-NonCommercial-NoDerivatives 4.0 International license CC BY-NC-ND http://creativecommons.org/licenses/by-nc-nd/4.0/ You are free to share the work as long as you cite the source, do not use it for commercial purposes, and do not distribute derivatives of the data.Although this data is being distributed by Baruch College CUNY, no warranty expressed or implied is made by the College or University as to the accuracy of the data and related materials. The act of distribution shall not constitute any such warranty, and no responsibility is assumed by the College or University in the use of this data, or related materials.This data was derived from Metropolitan Transportation Authority (MTA) sources; it is NOT directly created, maintained, or endorsed by the MTA. The MTA should not be approached with inquiries about this dataset as they are in no way responsible for it. Since this data is a derivative of MTA data sources, it is subject to the terms and conditions presented here: http://web.mta.info/developers/developer-data-terms.html#data.</gco:CharacterString>
          </useLimitation>
        </MD_Constraints>
      </resourceConstraints>
      <resourceConstraints>
        <MD_LegalConstraints>
          <accessConstraints>
            <MD_RestrictionCode codeList="http://www.fgdc.gov/nap/metadata/register/codelists.html#napMD_RestrictionCode" codeListValue="licenseUnrestricted" codeSpace="ISOTC211/19139/NAP">licenseUnrestricted</MD_RestrictionCode>
          </accessConstraints>
          <useConstraints>
            <MD_RestrictionCode codeList="http://www.isotc211.org/2005/resources/Codelist/gmxCodelists.xml#MD_RestrictionCode" codeListValue="license" codeSpace="ISOTC211/19115">license</MD_RestrictionCode>
          </useConstraints>
        </MD_LegalConstraints>
      </resourceConstraints>
      <spatialRepresentationType>
        <MD_SpatialRepresentationTypeCode codeList="http://www.isotc211.org/2005/resources/Codelist/gmxCodelists.xml#MD_SpatialRepresentationTypeCode" codeListValue="vector" codeSpace="ISOTC211/19115">vector</MD_SpatialRepresentationTypeCode>
      </spatialRepresentationType>
      <language>
        <LanguageCode codeList="http://www.loc.gov/standards/iso639-2/php/code_list.php" codeListValue="eng" codeSpace="ISO639-2">eng</LanguageCode>
      </language>
      <characterSet>
        <MD_CharacterSetCode codeList="http://www.isotc211.org/2005/resources/Codelist/gmxCodelists.xml#MD_CharacterSetCode" codeListValue="utf8" codeSpace="ISOTC211/19115">utf8</MD_CharacterSetCode>
      </characterSet>
      <topicCategory>
        <MD_TopicCategoryCode>transportation</MD_TopicCategoryCode>
      </topicCategory>
      <topicCategory>
        <MD_TopicCategoryCode>structure</MD_TopicCategoryCode>
      </topicCategory>
      <environmentDescription>
        <gco:CharacterString>Microsoft Windows 7 Version 6.1 (Build 7601) Service Pack 1; Esri ArcGIS 10.2.0.3348</gco:CharacterString>
      </environmentDescription>
      <extent>
        <EX_Extent>
          <description>
            <gco:CharacterString>City of New York</gco:CharacterString>
          </description>
          <geographicElement>
            <EX_GeographicBoundingBox>
              <extentTypeCode>
                <gco:Boolean>true</gco:Boolean>
              </extentTypeCode>
              <westBoundLongitude>
                <gco:Decimal>-74.25344</gco:Decimal>
              </westBoundLongitude>
              <eastBoundLongitude>
                <gco:Decimal>-73.754305</gco:Decimal>
              </eastBoundLongitude>
              <southBoundLatitude>
                <gco:Decimal>40.512764</gco:Decimal>
              </southBoundLatitude>
              <northBoundLatitude>
                <gco:Decimal>40.903222</gco:Decimal>
              </northBoundLatitude>
            </EX_GeographicBoundingBox>
          </geographicElement>
          <temporalElement>
            <EX_TemporalExtent>
              <extent>
                <gml:TimePeriod gml:id="ID0EIIAC">
                  <gml:beginPosition>2016-05-02T00:00:00</gml:beginPosition>
                  <gml:endPosition indeterminatePosition="unknown" />
                </gml:TimePeriod>
              </extent>
            </EX_TemporalExtent>
          </temporalElement>
        </EX_Extent>
      </extent>
      <supplementalInformation>
        <gco:CharacterString>The GEOID field contains the ANSI / FIPS state-county code that indicates the location of the feature. The trains field lists the trains that stop at that location during normal weekday and rush hour services.</gco:CharacterString>
      </supplementalInformation>
    </MD_DataIdentification>
  </identificationInfo>
  <distributionInfo>
    <MD_Distribution>
      <distributionFormat>
        <MD_Format>
          <name>
            <gco:CharacterString>Shapefile</gco:CharacterString>
          </name>
          <version gco:nilReason="missing" />
        </MD_Format>
      </distributionFormat>
      <distributor>
        <MD_Distributor>
          <distributorContact>
            <CI_ResponsibleParty>
              <organisationName>
                <gco:CharacterString>Newman Library, Baruch CUNY</gco:CharacterString>
              </organisationName>
              <positionName>
                <gco:CharacterString>Geospatial Data Librarian</gco:CharacterString>
              </positionName>
              <contactInfo>
                <CI_Contact>
                  <address>
                    <CI_Address>
                      <deliveryPoint>
                        <gco:CharacterString>Newman Library, Baruch CUNY</gco:CharacterString>
                      </deliveryPoint>
                      <deliveryPoint>
                        <gco:CharacterString>151 E 25th St Box H-0520</gco:CharacterString>
                      </deliveryPoint>
                      <city>
                        <gco:CharacterString>New York</gco:CharacterString>
                      </city>
                      <administrativeArea>
                        <gco:CharacterString>NY</gco:CharacterString>
                      </administrativeArea>
                      <postalCode>
                        <gco:CharacterString>10010</gco:CharacterString>
                      </postalCode>
                      <country>
                        <Country codeList="http://www.iso.org/iso/country_codes/iso_3166_code_lists.htm" codeListValue="US" codeSpace="ISO3166-1">US</Country>
                      </country>
                    </CI_Address>
                  </address>
                </CI_Contact>
              </contactInfo>
              <role>
                <CI_RoleCode codeList="http://www.isotc211.org/2005/resources/Codelist/gmxCodelists.xml#CI_RoleCode" codeListValue="pointOfContact" codeSpace="ISOTC211/19115">pointOfContact</CI_RoleCode>
              </role>
            </CI_ResponsibleParty>
          </distributorContact>
        </MD_Distributor>
      </distributor>
      <transferOptions>
        <MD_DigitalTransferOptions>
          <transferSize>
            <gco:Real>0.013</gco:Real>
          </transferSize>
        </MD_DigitalTransferOptions>
      </transferOptions>
    </MD_Distribution>
  </distributionInfo>
  <dataQualityInfo>
    <DQ_DataQuality>
      <scope>
        <DQ_Scope>
          <level>
            <MD_ScopeCode codeList="http://www.isotc211.org/2005/resources/Codelist/gmxCodelists.xml#MD_ScopeCode" codeListValue="dataset" codeSpace="ISOTC211/19115">dataset</MD_ScopeCode>
          </level>
        </DQ_Scope>
      </scope>
      <lineage>
        <LI_Lineage>
          <statement>
            <gco:CharacterString>This point layer was created using the data feeds from the Metropolitan Transportation Authority (MTA). The MTA provides text files that contain route information in a General Transit Feed Specification (GTFS) format that are geographically referenced so they are able to be plotted. A python script was written to take the text files as input and plot and save them as a spatial layer. The text file used for plotting is 'stops.txt' and provides geographically referenced data for the stops in the form of points. Stop locations were duplicated twice in the GTFS file for the purpose of building time tables for routes in both directions; the script stripped out the duplicates so that only one location remained that represents the stop centroid. In some instances two stops for different routes occupied the same location, at the same platform. These duplicate stops were removed, and their id was added to a route_id2 column for the stop that they shared the location with. A field called trains was added and populated manually, to indicate which trains make that stop during weekday and rush hour services. A note was added to the name of the Cortlandt St station on the 1 line to indicate that it is closed. The Aqueduct Racetrack station on the A line was in the wrong location and had incorrect coordinates in the original data file, so it was moved and the coordinates were corrected. The final layer was reprojected from NAD 83 to NY State Plane Long Island in feet. Counties from the Census TIGER files were spatially joined to the transit features, so that every transit feature was assigned the state-county ANSI FIPS code (GEOID) to indicate its location. The unique ID is stop_id, a field created by the MTA. This layer was created as part of the NYC Mass Transit Spatial Layers series, and is updated biannually to account for changes in the transit system. 
</gco:CharacterString>
          </statement>
          <source>
            <LI_Source>
              <description>
                <gco:CharacterString>Metropolitan Transportation Authority</gco:CharacterString>
              </description>
              <sourceCitation>
                <CI_Citation>
                  <title>
                    <gco:CharacterString>MTA NYC Transit Stops File</gco:CharacterString>
                  </title>
                  <date>
                    <CI_Date>
                      <date>
                        <gco:Date>2016-05-02</gco:Date>
                      </date>
                      <dateType>
                        <CI_DateTypeCode codeList="http://www.isotc211.org/2005/resources/Codelist/gmxCodelists.xml#CI_DateTypeCode" codeListValue="publication" codeSpace="ISOTC211/19115">publication</CI_DateTypeCode>
                      </dateType>
                    </CI_Date>
                  </date>
                  <citedResponsibleParty gco:nilReason="missing" />
                </CI_Citation>
              </sourceCitation>
            </LI_Source>
          </source>
          <source>
            <LI_Source>
              <description>
                <gco:CharacterString>US Census 2014 TIGER Line Shapefiles</gco:CharacterString>
              </description>
              <sourceCitation>
                <CI_Citation>
                  <title>
                    <gco:CharacterString>US Census 2014 TIGER Line Shapefiles</gco:CharacterString>
                  </title>
                  <date>
                    <CI_Date>
                      <date>
                        <gco:Date>2014-08-19</gco:Date>
                      </date>
                      <dateType>
                        <CI_DateTypeCode codeList="http://www.isotc211.org/2005/resources/Codelist/gmxCodelists.xml#CI_DateTypeCode" codeListValue="publication" codeSpace="ISOTC211/19115">publication</CI_DateTypeCode>
                      </dateType>
                    </CI_Date>
                  </date>
                  <citedResponsibleParty gco:nilReason="missing" />
                </CI_Citation>
              </sourceCitation>
            </LI_Source>
          </source>
        </LI_Lineage>
      </lineage>
    </DQ_DataQuality>
  </dataQualityInfo>
  <metadataConstraints>
    <MD_Constraints>
      <useLimitation>
        <gco:CharacterString>Metadata for this layer is licensed under a Creative Commons Attribution-NonCommercial license CC BY-NC http://creativecommons.org/licenses/by-nc/4.0/. You are free to share and to adapt the metadata as long as you cite the source and do not use it for commercial purposes.</gco:CharacterString>
      </useLimitation>
    </MD_Constraints>
  </metadataConstraints>
  <metadataConstraints>
    <MD_LegalConstraints>
      <accessConstraints>
        <MD_RestrictionCode codeList="http://www.fgdc.gov/nap/metadata/register/codelists.html#napMD_RestrictionCode" codeListValue="licenseUnrestricted" codeSpace="ISOTC211/19139/NAP">licenseUnrestricted</MD_RestrictionCode>
      </accessConstraints>
      <useConstraints>
        <MD_RestrictionCode codeList="http://www.isotc211.org/2005/resources/Codelist/gmxCodelists.xml#MD_RestrictionCode" codeListValue="license" codeSpace="ISOTC211/19115">license</MD_RestrictionCode>
      </useConstraints>
    </MD_LegalConstraints>
  </metadataConstraints>
  <metadataMaintenance>
    <MD_MaintenanceInformation>
      <maintenanceAndUpdateFrequency>
        <MD_MaintenanceFrequencyCode codeList="http://www.isotc211.org/2005/resources/Codelist/gmxCodelists.xml#MD_MaintenanceFrequencyCode" codeListValue="biannually" codeSpace="ISOTC211/19115">biannually</MD_MaintenanceFrequencyCode>
      </maintenanceAndUpdateFrequency>
      <maintenanceNote>
        <gco:CharacterString>This metadata record was updated by Janine Billadello in May 2016.</gco:CharacterString>
      </maintenanceNote>
      <contact>
        <CI_ResponsibleParty>
          <organisationName>
            <gco:CharacterString>Newman Library, Baruch CUNY</gco:CharacterString>
          </organisationName>
          <positionName>
            <gco:CharacterString>Geospatial Data Librarian</gco:CharacterString>
          </positionName>
          <contactInfo>
            <CI_Contact>
              <address>
                <CI_Address>
                  <deliveryPoint>
                    <gco:CharacterString>Newman Library, Baruch CUNY</gco:CharacterString>
                  </deliveryPoint>
                  <deliveryPoint>
                    <gco:CharacterString>151 E 25th St Box H-0520</gco:CharacterString>
                  </deliveryPoint>
                  <city>
                    <gco:CharacterString>New York</gco:CharacterString>
                  </city>
                  <administrativeArea>
                    <gco:CharacterString>NY</gco:CharacterString>
                  </administrativeArea>
                  <postalCode>
                    <gco:CharacterString>10010</gco:CharacterString>
                  </postalCode>
                  <country>
                    <Country codeList="http://www.iso.org/iso/country_codes/iso_3166_code_lists.htm" codeListValue="US" codeSpace="ISO3166-1">US</Country>
                  </country>
                </CI_Address>
              </address>
            </CI_Contact>
          </contactInfo>
          <role>
            <CI_RoleCode codeList="http://www.isotc211.org/2005/resources/Codelist/gmxCodelists.xml#CI_RoleCode" codeListValue="pointOfContact" codeSpace="ISOTC211/19115">pointOfContact</CI_RoleCode>
          </role>
        </CI_ResponsibleParty>
      </contact>
    </MD_MaintenanceInformation>
  </metadataMaintenance>
</MD_Metadata>