<?xml version="1.0" encoding="UTF-8"?><metadata>
    <idinfo>
        <descript>
            <abstract>Recreation Centers and Parks properties located within the City of Los Angeles boundaries. These properties are maintained, operated and owned by the City of Los Angeles Recreation and Parks Department, LARAP. These LARAP department properties include Aquatic Centers, Dog Parks, Pools, Recreation Centers, Recreation Facilities, Senior Citizen Centers, Skate Parks, Sports Fields and Complexes (including Baseball, Basketball, Football, Golf, Soccer, and Tennis Courts, plus more). LARAP properties also include Beaches, Campgrounds, Child Care Centers, Day Camps, Historical Sites, Horticulture Centers, Maintenance Yards, Museums, Picnic Areas, Playgrounds, and Special Event Venues.  For more detailed information, please see LAPARKS.ORG</abstract>
            <purpose>City of Los Angeles Recreation and Parks Boundaries.  These properties are maintained, operated and owned by the City of Los Angeles Recreation and Parks Department, LARAP.</purpose>
        </descript>
        <accconst>None</accconst>
        <useconst>None</useconst>
    </idinfo>
    <metainfo>
        <metstdn>FGDC Content Standard for Digital Geospatial Metadata</metstdn>
        <metstdv>FGDC-STD-001-1998</metstdv>
        <mettc>local time</mettc>
    </metainfo>
</metadata>
